trade_date,ticker,title_clean,title,ret_fwd_1d,y
2025-11-25,AMAT,Applied Materials shares rise as UBS upgrades to Buy on bullish DRAM cycle,Applied Materials shares rise as UBS upgrades to  Buy  on bullish DRAM cycle,0.03097415779460344,1
2025-12-03,AMAT,"Applied Materials ( AMAT ) Positioned for DRAM and TSMC - Driven WFE Growth , Says Morgan Stanley","Applied Materials ( AMAT ) Positioned for DRAM and TSMC - Driven WFE Growth , Says Morgan Stanley",0.00301529071165052,1
2025-12-05,AMAT,"Tata , Cyient , Applied Materials units emerge as L1 bidders for SCL fab upgrade","Tata , Cyient , Applied Materials units emerge as L1 bidders for SCL fab upgrade",0.0005970285899603578,1
2025-11-03,AMD,"After confusing driver release , AMD says old GPUs are still actively supported","After confusing driver release , AMD says old GPUs are still actively supported",-0.03697281367375582,0
2025-11-03,AMD,"Adeia Sues AMD Over Semiconductor Patents , Including Advanced 3D Stacking Used In Ryzen X3D CPUs","Adeia Sues AMD Over Semiconductor Patents , Including Advanced 3D Stacking Used In Ryzen X3D CPUs",-0.03697281367375582,0
2025-11-03,AMD,Is Advanced Micro Devices ( AMD ) The Best Semiconductor Stock to Benefit from AI Bull Run Until 2030 ?,Is Advanced Micro Devices ( AMD ) The Best Semiconductor Stock to Benefit from AI Bull Run Until 2030 ? ,-0.03697281367375582,0
2025-11-04,AMD,AMD Radeon Reversal : Old GPUs Get New Life in Gaming ( 62 characters ),AMD Radeon Reversal : Old GPUs Get New Life in Gaming ( 62 characters ) ,0.0251149107932942,1
2025-11-05,AMD,AMD New CPUs Might Just Kill Low - End GPUs Soon,AMD New CPUs Might Just Kill Low - End GPUs Soon,-0.0726797120896786,0
2025-11-08,AMD,"Here How Nvidia , AMD , and Broadcom Could Help This Super Semiconductor ETF Turn $500 Per Month Into $1 Million","Here How Nvidia , AMD , and Broadcom Could Help This Super Semiconductor ETF Turn $500 Per Month Into $1 Million",-0.026477545570138372,0
2025-11-08,AMD,"Microsoft Has Reportedly Developed Toolkits to Break NVIDIA CUDA Dominance , Slashing Inference Costs with AMD AI GPUs","Microsoft Has Reportedly Developed  Toolkits  to Break NVIDIA CUDA Dominance , Slashing Inference Costs with AMD AI GPUs",-0.026477545570138372,0
2025-11-10,AMD,"AMD Advances Its AI Strategy With The Acquisition of MK1 , Brings High - Speed Inference & Reasoning Technologies Optimized For Instinct GPUs","AMD Advances Its AI Strategy With The Acquisition of MK1 , Brings High - Speed Inference & Reasoning Technologies Optimized For Instinct GPUs",-0.026477545570138372,0
2025-11-12,AMD,US Stocks Hover Near Record Highs as AMD AI Ambitions Fuel Semiconductor Rally,US Stocks Hover Near Record Highs as AMD AI Ambitions Fuel Semiconductor Rally,-0.04221873118363728,0
2025-11-12,AMD,"AMD Soars on Ambitious AI Vision , Reshaping Semiconductor Landscape","AMD Soars on Ambitious AI Vision , Reshaping Semiconductor Landscape",-0.04221873118363728,0
2025-11-14,AMD,NVIDIA and AMD Could Raise GPU Prices in 2026 Due to Memory Costs,NVIDIA and AMD Could Raise GPU Prices in 2026 Due to Memory Costs,-0.025485164087161838,0
2025-11-15,AMD,"This AMD GPU Deal Will Make You Forget Every Other One Out There , as the Radeon RX 9070 XT Drops to Just $579 . 99","This AMD GPU Deal Will Make You Forget Every Other One Out There , as the Radeon RX 9070 XT Drops to Just $579 . 99",-0.04253289042328301,0
2025-11-18,AMD,RAM pricing crisis threatens graphics cards – rumor has it some AMD and Nvidia budget GPUs could be scrapped,RAM pricing crisis threatens graphics cards – rumor has it some AMD and Nvidia budget GPUs could be scrapped,-0.029267403842426765,0
2025-11-24,AMD,"Elon Musk Claims Tesla Must Outproduce NVIDIA , AMD , and All Other AI Chip Makers in Volume if It Wants to Win the Real - World AI Race","Elon Musk Claims Tesla Must Outproduce NVIDIA , AMD , and All Other AI Chip Makers in Volume if It Wants to Win the Real - World AI Race",-0.0414787167745283,0
2025-11-24,AMD,"Exynos 2200 Unveiled , AMD RDNA2 Xclipse GPU , And More : Nepal News","Exynos 2200 Unveiled , AMD RDNA2 Xclipse GPU , And More : Nepal News",-0.0414787167745283,0
2025-11-28,AMD,"Im tracking the best Black Friday GPU deals lowest prices on RTX 50 - series , AMD Radeon and more , but grab one now before the prices surge","Im tracking the best Black Friday GPU deals lowest prices on RTX 50 - series , AMD Radeon and more , but grab one now before the prices surge",0.010251439985533128,1
2025-11-29,AMD,"AMD Zyphra GPU Cluster Gives Birth To ZAYA 1 MoE AI Model , Smokes Llama3 . 1","AMD Zyphra GPU Cluster Gives Birth To ZAYA 1 MoE AI Model , Smokes Llama3 . 1",-0.020567842767811984,0
2025-11-30,AMD,AMD plans frustrating GPU chip change,AMD plans frustrating GPU chip change,-0.020567842767811984,0
2025-12-01,AMD,AMD GPU Managed Memory Support Merged For The GCC 16 Compiler,AMD GPU Managed Memory Support Merged For The GCC 16 Compiler,-0.020567842767811984,0
2025-12-02,AMD,Nvidia Holds 92 % of GPU Market Share Despite Modest Gains by AMD and Intel,Nvidia Holds 92 % of GPU Market Share Despite Modest Gains by AMD and Intel,0.010964507294748405,1
2025-12-04,AMD,HPE and AMD are about to unleash Helios AI racks in 2026 with insane GPU counts and Venice CPUs,HPE and AMD are about to unleash Helios AI racks in 2026 with insane GPU counts and Venice CPUs,0.009213841710018933,1
2025-12-04,AMD,"AMD raises Radeon RX 9000 GPU prices , increasing by $10 for every 8GB of VRAM another price hike is also scheduled for January 2026","AMD raises Radeon RX 9000 GPU prices , increasing by $10 for every 8GB of VRAM another price hike is also scheduled for January 2026",0.009213841710018933,1
2025-12-05,AMD,AMD Ryzen AI 9 HX 470 & Ryzen AI 7 450 Gorgon CPUs Leak : Flagship With Fastest iGPU At 3 . 1 GHz & Up To 5 . 25 GHz Clocks,AMD Ryzen AI 9 HX 470 & Ryzen AI 7 450  Gorgon  CPUs Leak : Flagship With Fastest iGPU At 3 . 1 GHz & Up To 5 . 25 GHz Clocks,0.014405649273126597,1
2025-12-05,AMD,Intel Panther Lake Xe3 iGPU Beats AMD Radeon 840M by 26 % in Early Benchmarks,Intel Panther Lake Xe3 iGPU Beats AMD Radeon 840M by 26 % in Early Benchmarks,0.014405649273126597,1
2025-12-11,AMD,Ubuntu move aims to simplify AMD AI GPU use,Ubuntu move aims to simplify AMD AI GPU use,-0.048096437920576274,0
2025-12-11,AMD,Intel fails to get EU antitrust ruling overturned in longstanding 16 - year AMD competition case chipmaker sees $1 . 2 billion fine reduced to $278 million,Intel fails to get EU antitrust ruling overturned in longstanding 16 - year AMD competition case chipmaker sees $1 . 2 billion fine reduced to $278 million,-0.048096437920576274,0
2025-12-16,AMD,"IT News Online - ClearML Enhances AMD Instinct GPU Partitioning to Maximize Utilization , Centralize Management , and Accelerate Enterprise AI Adoption","IT News Online - ClearML Enhances AMD Instinct GPU Partitioning to Maximize Utilization , Centralize Management , and Accelerate Enterprise AI Adoption",-0.05287564017503432,0
2025-12-16,AMD,"This Tool Claims to Run the De - Facto CUDA Code on Non - NVIDIA GPUs , And a Major Upgrade Now Adds Support for AMD ROCm7","This Tool Claims to Run the De - Facto CUDA Code on Non - NVIDIA GPUs , And a Major Upgrade Now Adds Support for AMD ROCm7",-0.05287564017503432,0
2025-12-16,AMD,"ClearML Enhances AMD Instinct GPU Partitioning to Maximize Utilization , Centralize Management , and Accelerate Enterprise AI Adoption","ClearML Enhances AMD Instinct GPU Partitioning to Maximize Utilization , Centralize Management , and Accelerate Enterprise AI Adoption",-0.05287564017503432,0
2025-12-22,AMD,Linux 6 . 19 Boosts Legacy AMD Radeon GPUs with AMDGPU Driver Upgrade,Linux 6 . 19 Boosts Legacy AMD Radeon GPUs with AMDGPU Driver Upgrade,-0.00023262643623034318,0
2025-12-22,AMD,Linux 6 . 19 Significant ~30 % Performance Boost For Old AMD Radeon GPUs,Linux 6 . 19 Significant ~30 % Performance Boost For Old AMD Radeon GPUs,-0.00023262643623034318,0
2025-12-25,AMD,AMD EXPO 1 . 2 could supercharge Ryzen CPUs with CUDIMM support amid global DRAM crunch full AMD CUDIMM support is on the horizon,AMD EXPO 1 . 2 could supercharge Ryzen CPUs with CUDIMM support amid global DRAM crunch full AMD CUDIMM support is on the horizon,0.002883832277529752,1
2025-12-25,AMD,"This AMD - powered iBuyPower prebuilt has 32GB of DDR5 memory , Ryzen 7 CPU , and an RX 9060 XT GPU for just $1000 $250 off provides pricing relief during RAM pricing crisis","This AMD - powered iBuyPower prebuilt has 32GB of DDR5 memory , Ryzen 7 CPU , and an RX 9060 XT GPU for just $1000 $250 off provides pricing relief during RAM pricing crisis",0.002883832277529752,1
2025-12-26,AMD,"AMD RDNA3 / RDNA4 Go Down Hard On Linux 6 . 19 , But Here How The Older AMD GPUs End Out 2025","AMD RDNA3 / RDNA4 Go Down Hard On Linux 6 . 19 , But Here How The Older AMD GPUs End Out 2025",0.002883832277529752,1
2025-12-27,AMD,"AMD And NVIDIA Are Expected To Hike GPU Prices Early 2026 , And May Continue To Do So In The Following Months","AMD And NVIDIA Are Expected To Hike GPU Prices Early 2026 , And May Continue To Do So In The Following Months",-0.001252280838998976,0
2025-12-28,AMD,"NVIDIA Next - Gen Feynman GPUs Could See the Inclusion of Groq LPU Units By 2028 , Stacked as Separate Dies Similar to AMD X3D Approach","NVIDIA Next - Gen Feynman GPUs Could See the Inclusion of Groq LPU Units By 2028 , Stacked as Separate Dies Similar to AMD X3D Approach",-0.001252280838998976,0
2025-11-29,ASML,"BofA Reaffirms Buy on ASML , Citing DRAM Upside and Recovery Potential in China","BofA Reaffirms Buy on ASML , Citing DRAM Upside and Recovery Potential in China",0.019108667588036754,1
2025-12-02,ASML,Fidelity European Trust Rose In October With Chipmaker ASML Top Contributor,Fidelity European Trust Rose In October With Chipmaker ASML Top Contributor,0.028986826781881136,1
2025-12-03,ASML,Bank of America says ASML is its top semiconductor stock pick heading into 2026,Bank of America says ASML is its top semiconductor stock pick heading into 2026,-0.027030893228923936,0
2025-12-07,ASML,Taiwan Semiconductor Manufacturing vs . ASML : Which Stock Will Outperform in 2026 ?,Taiwan Semiconductor Manufacturing vs . ASML : Which Stock Will Outperform in 2026 ? ,-0.007368111201962346,0
2025-12-17,ASML,"ASML : AI Driving Semiconductor Equipment Sales Growth to $126 Billion by 2026 , ETTelecom","ASML : AI Driving Semiconductor Equipment Sales Growth to $126 Billion by 2026 , ETTelecom",0.020562782337113505,1
2025-12-21,ASML,Surprising biomedical application found for ASML chipmaking EUV lithography machines they can mass produce nanopores for molecular sensing,Surprising biomedical application found for ASML chipmaking EUV lithography machines they can mass produce nanopores for molecular sensing,0.004597991864904838,1
2025-12-26,ASML,Better Artificial Intelligence Stock : ASML vs . Taiwan Semiconductor,Better Artificial Intelligence Stock : ASML vs . Taiwan Semiconductor,-0.006292239571195513,0
2025-12-26,ASML,"Semiconductors : ASML , the tech giant at the center of the US - China conflict in the race for AI","Semiconductors : ASML , the tech giant at the center of the US - China conflict in the race for AI",-0.006292239571195513,0
2025-11-02,AVGO,Analyst Says Broadcom ( AVGO ) Among the Best AI Semiconductor Stocks to Benefit from Bull Run Until 2030,Analyst Says Broadcom ( AVGO ) Among the Best AI Semiconductor Stocks to Benefit from Bull Run Until 2030,-0.02926488633632285,0
2025-11-03,AVGO,Broadcom Eyes AI Semiconductor Growth Boom Through 2030,Broadcom Eyes AI Semiconductor Growth Boom Through 2030,-0.02926488633632285,0
2025-11-08,AVGO,"Here How Nvidia , AMD , and Broadcom Could Help This Super Semiconductor ETF Turn $500 Per Month Into $1 Million","Here How Nvidia , AMD , and Broadcom Could Help This Super Semiconductor ETF Turn $500 Per Month Into $1 Million",-0.017941444534679052,0
2025-11-13,AVGO,"Broadcom introduces standards - based fabric , Cisco integration with VCF","Broadcom introduces standards - based fabric , Cisco integration with VCF",0.0072944162299593,1
2025-11-15,AVGO,Broadcom ( AVGO ) Soars as Jefferies Crowns it New Semiconductor Top Pick Amidst AI Chip Boom,Broadcom ( AVGO ) Soars as Jefferies Crowns it New Semiconductor  Top Pick  Amidst AI Chip Boom,-0.006274654747645436,0
2025-11-24,AVGO,Broadcom Rallies As Semiconductor Stocks Surge On Fed Rate Cut Hopes,Broadcom Rallies As Semiconductor Stocks Surge On Fed Rate Cut Hopes,0.01870573750857618,1
2025-12-05,AVGO,Broadcom Snaps Up Half Of Samsung HBM Output For Google AI Chips,Broadcom Snaps Up Half Of Samsung HBM Output For Google AI Chips,0.027829037204837315,1
2025-12-12,AVGO,Broadcom Post - Earnings Jolt : A Bellwether for the AI Semiconductor Rally ?,Broadcom Post - Earnings Jolt : A Bellwether for the AI Semiconductor Rally ? ,-0.05589975315295326,0
2025-12-12,AVGO,"Intel AI Strategy Will Favor a Broadcom - Like ASIC Model Over the Training Hype , Offering Customers Foundry & Packaging Services","Intel AI Strategy Will Favor a  Broadcom - Like  ASIC Model Over the Training Hype , Offering Customers Foundry & Packaging Services",-0.05589975315295326,0
2025-12-12,AVGO,The blemishes in Broadcom earnings that are putting pressure on the chipmaker,The blemishes in Broadcom earnings that are putting pressure on the chipmaker,-0.05589975315295326,0
2025-12-17,AVGO,Inquiry Into Broadcom Competitor Dynamics In Semiconductors & Semiconductor Equipment Industry - Broadcom ( NASDAQ : AVGO ),Inquiry Into Broadcom Competitor Dynamics In Semiconductors & Semiconductor Equipment Industry - Broadcom ( NASDAQ : AVGO ) ,0.011839865639039493,1
2025-12-19,AVGO,Performance Comparison : Broadcom And Competitors In Semiconductors & Semiconductor Equipment Industry - Broadcom ( NASDAQ : AVGO ),Performance Comparison : Broadcom And Competitors In Semiconductors & Semiconductor Equipment Industry - Broadcom ( NASDAQ : AVGO ) ,0.005122077053136165,1
2025-12-24,AVGO,Exploring The Competitive Space : Broadcom Versus Industry Peers In Semiconductors & Semiconductor Equipment - Broadcom ( NASDAQ : AVGO ),Exploring The Competitive Space : Broadcom Versus Industry Peers In Semiconductors & Semiconductor Equipment - Broadcom ( NASDAQ : AVGO ) ,0.005453725245422758,1
2025-12-26,AVGO,Assessing Broadcom Performance Against Competitors In Semiconductors & Semiconductor Equipment Industry - Broadcom ( NASDAQ : AVGO ),Assessing Broadcom Performance Against Competitors In Semiconductors & Semiconductor Equipment Industry - Broadcom ( NASDAQ : AVGO ) ,-0.007781189323207038,0
2025-12-29,AVGO,FinancialContent - The Backbone of the Million - GPU Cluster : Broadcom Dominance in the 2026 AI Networking Supercycle,FinancialContent - The Backbone of the Million - GPU Cluster : Broadcom Dominance in the 2026 AI Networking Supercycle,0.001316555813825948,1
2025-11-02,INTC,Business News : CES 2022 : Intel has an exciting update about its upcoming Arc GPUs ; Details inside,Business News : CES 2022 : Intel has an exciting update about its upcoming Arc GPUs ; Details inside,-0.06253167647349689,0
2025-11-03,INTC,Intel quietly rolls out new Holiday bundle for Arc GPUs and Core Ultra CPUs,Intel quietly rolls out new Holiday bundle for Arc GPUs and Core Ultra CPUs,-0.06253167647349689,0
2025-11-06,INTC,Here the Cheapest 12GB GPU Youll Find for Amazing 1080p Performance – Intel Arc B580 Drops to $234 . 99,Here the Cheapest 12GB GPU Youll Find for Amazing 1080p Performance – Intel Arc B580 Drops to $234 . 99,0.023899015830685544,1
2025-11-08,INTC,"Ambassador Kwatra interacts with Intel CEO on plans to develop semiconductor , AI industry in India","Ambassador Kwatra interacts with Intel CEO on plans to develop semiconductor , AI industry in India",-0.01482443910309672,0
2025-11-09,INTC,"Indian envoy Vinay Kwatra , Intel CEO discuss semiconductor , AI plans for India","Indian envoy Vinay Kwatra , Intel CEO discuss semiconductor , AI plans for India",-0.01482443910309672,0
2025-11-09,INTC,"Indian envoy Kwatra , Intel CEO discuss semiconductor , AI plans for India","Indian envoy Kwatra , Intel CEO discuss semiconductor , AI plans for India",-0.01482443910309672,0
2025-11-11,INTC,Intel Xe Linux Driver Working Toward UALink & High Speed Fabrics Support,Intel Xe Linux Driver Working Toward UALink & High Speed Fabrics Support,0.00026394723472211723,1
2025-11-12,INTC,"Intel software fixes stamp down privilege escalation vulnerabilities , while microcode updates clean up CPU messes chipmaker has its own Patch Tuesday as it stomps down 30 bugs","Intel software fixes stamp down privilege escalation vulnerabilities , while microcode updates clean up CPU messes chipmaker has its own Patch Tuesday as it stomps down 30 bugs",-0.052256520826898356,0
2025-11-12,INTC,"Intel Foundry Faces Major Setback as Revenue Falls 1 , 000 Times Behind TSMC","Intel Foundry Faces Major Setback as Revenue Falls 1 , 000 Times Behind TSMC",-0.052256520826898356,0
2025-11-15,INTC,Intel GPUs On Raspberry Pi Is So Wrong It Feels Right,Intel GPUs On Raspberry Pi Is So Wrong It Feels Right,-0.010947774803830468,0
2025-11-16,INTC,"Intel Advanced Packaging Attracts Attention From Apple and Qualcomm , Potentially Opening a New Frontier for the Foundry Business","Intel  Advanced Packaging  Attracts Attention From Apple and Qualcomm , Potentially Opening a New Frontier for the Foundry Business",-0.010947774803830468,0
2025-11-23,INTC,Intel Nova Lake may use mix of Xe3 and Xe3P GPU cores,Intel Nova Lake may use mix of Xe3 and Xe3P GPU cores,0.0011176561750236846,1
2025-11-25,INTC,Options Corner : Taiwan Semiconductor Trade Secret Dispute With Intel Presents A Contrarian Opportunity - Taiwan Semiconductor ( NYSE : TSM ),Options Corner : Taiwan Semiconductor Trade Secret Dispute With Intel Presents A Contrarian Opportunity - Taiwan Semiconductor ( NYSE : TSM ) ,0.027351367350111122,1
2025-11-28,INTC,Intel Shares Gain 8 % As GPU Market Outlook Strengthens,Intel Shares Gain 8 % As GPU Market Outlook Strengthens,-0.013560232572378372,0
2025-11-28,INTC,"Quantum Computing Will Pop the AI Bubble , Claims Ex - Intel CEO Pat Gelsinger , Predicting GPUs Wont Survive the Decade","  Quantum Computing Will Pop the AI Bubble , Claims Ex - Intel CEO Pat Gelsinger , Predicting GPUs Wont Survive the Decade",-0.013560232572378372,0
2025-11-28,INTC,"Stock market update : Google soars , Intel leads semiconductors , Oracle dips","Stock market update : Google soars , Intel leads semiconductors , Oracle dips",-0.013560232572378372,0
2025-11-28,INTC,Chipmaker Intel Momentum Jumps As Investors Look Past TSMC Legal Drama Amid Rate Cut Bets,Chipmaker Intel Momentum Jumps As Investors Look Past TSMC Legal Drama Amid Rate Cut Bets,-0.013560232572378372,0
2025-11-30,INTC,"Apple , Intel and 18A : Why the foundry deal could rewrite the future of PCs","Apple , Intel and 18A : Why the foundry deal could rewrite the future of PCs",0.08647845649390495,1
2025-12-02,INTC,Nvidia Holds 92 % of GPU Market Share Despite Modest Gains by AMD and Intel,Nvidia Holds 92 % of GPU Market Share Despite Modest Gains by AMD and Intel,0.006671200659915444,1
2025-12-03,INTC,Intel Arc GPU market share has grown according to analyst,Intel Arc GPU market share has grown according to analyst,-0.07449722227089395,0
2025-12-05,INTC,Intel Panther Lake Xe3 iGPU Beats AMD Radeon 840M by 26 % in Early Benchmarks,Intel Panther Lake Xe3 iGPU Beats AMD Radeon 840M by 26 % in Early Benchmarks,-0.02680513437434684,0
2025-12-05,INTC,"Linux 6 . 19 GPU Driver Features : Color Pipeline API , Intel Xe3P , AMDGPU For GCN 1 . 0 / 1 . 1","Linux 6 . 19 GPU Driver Features : Color Pipeline API , Intel Xe3P , AMDGPU For GCN 1 . 0 / 1 . 1",-0.02680513437434684,0
2025-12-08,INTC,Intel products to be manufactured at Tata Electronic Fab and OSAT facilities,Intel products to be manufactured at Tata Electronic Fab and OSAT facilities,0.004962798181780803,1
2025-12-09,INTC,Intel next - gen Panther Lake CPU for laptops and handhelds shows GTX 1060 GPU performance in new leak,Intel next - gen Panther Lake CPU for laptops and handhelds shows GTX 1060 GPU performance in new leak,0.006913550106095734,1
2025-12-09,INTC,Intel CEO Lip - Bu Tan says company committed to support India Semiconductor Mission after meeting PM Modi,Intel CEO Lip - Bu Tan says company  committed to support India Semiconductor Mission  after meeting PM Modi,0.006913550106095734,1
2025-12-09,INTC,Intel BMG - G31 Battlemage GPU spotted in software update,Intel  BMG - G31  Battlemage GPU spotted in software update,0.006913550106095734,1
2025-12-10,INTC,Intel Shares Fall After Lawsuits Claim US Chipmakers Aided Russian Weapons,Intel Shares Fall After Lawsuits Claim US Chipmakers Aided Russian Weapons,-0.03114272917556893,0
2025-12-10,INTC,AI Bubble Set to Pop as Ex - Intel CEO Claims Quantum Computing Will Kill GPUs,AI Bubble  Set to Pop  as Ex - Intel CEO Claims Quantum Computing Will Kill GPUs,-0.03114272917556893,0
2025-12-10,INTC,Intel committed to support India Semiconductor Mission : CEO Lip - Bu Tan,Intel committed to support India Semiconductor Mission : CEO Lip - Bu Tan,-0.03114272917556893,0
2025-12-11,INTC,Intel fails to get EU antitrust ruling overturned in longstanding 16 - year AMD competition case chipmaker sees $1 . 2 billion fine reduced to $278 million,Intel fails to get EU antitrust ruling overturned in longstanding 16 - year AMD competition case chipmaker sees $1 . 2 billion fine reduced to $278 million,-0.04302700633919487,0
2025-12-12,INTC,"Intel AI Strategy Will Favor a Broadcom - Like ASIC Model Over the Training Hype , Offering Customers Foundry & Packaging Services","Intel AI Strategy Will Favor a  Broadcom - Like  ASIC Model Over the Training Hype , Offering Customers Foundry & Packaging Services",-0.007934489311331672,0
2025-12-13,INTC,Intel in advanced talks to buy AI chipmaker SambaNova for $1 . 6 billion,Intel in advanced talks to buy AI chipmaker SambaNova for $1 . 6 billion,-0.0053318303703409065,0
2025-12-13,INTC,Intel in talks to buy AI chipmaker SambaNova,Intel in talks to buy AI chipmaker SambaNova,-0.0053318303703409065,0
2025-12-15,INTC,MSI Cyborg - 15 . 6 GeForce RTX 4050 Laptop GPU - Intel Core i7 - 13620H - 16GB Memory - 512 GB SSD - Windows 11 Home Gaming Laptops - 144 Hz IPS ( A13VE - 218US ),MSI Cyborg - 15 . 6  GeForce RTX 4050 Laptop GPU - Intel Core i7 - 13620H - 16GB Memory - 512 GB SSD - Windows 11 Home Gaming Laptops - 144 Hz IPS ( A13VE - 218US ) ,-0.0053318303703409065,0
2025-12-16,INTC,Father of Immersion Lithography warns : Intel TSMC talent grab invites process tech scrutiny,  Father of Immersion Lithography  warns : Intel TSMC talent grab invites process tech scrutiny,-0.033771162955047784,0
2025-12-17,INTC,Intel XPU Manager Updated With BMG - G31 GPU Support,Intel XPU Manager Updated With BMG - G31 GPU Support,0.006380015176252307,1
2025-12-18,INTC,"Intel ISPC 1 . 29 Drops Gen9 GPU Targets , Add New Optimizations & Experimental RISC - V","Intel ISPC 1 . 29 Drops Gen9 GPU Targets , Add New Optimizations & Experimental RISC - V",0.014884259473445516,1
2025-12-19,INTC,Intel vs . Taiwan Semiconductor Manufacturing : Which Stock Will Outperform in 2026 ?,Intel vs . Taiwan Semiconductor Manufacturing : Which Stock Will Outperform in 2026 ? ,-0.012221639507582926,0
2025-12-20,INTC,MSI Vector - LCD 16 QHD+ GeForce RTX 5080 Laptop GPU - Intel Core Ultra 9 275HX - 16GB Memory - 1 TB SSD - Windows 11 Home Gaming Laptop - 240 Hz ( Vector 16 HX AI A2XWIG - 050US ),MSI Vector - LCD 16  QHD+ GeForce RTX 5080 Laptop GPU - Intel Core Ultra 9 275HX - 16GB Memory - 1 TB SSD - Windows 11 Home Gaming Laptop - 240 Hz ( Vector 16 HX AI A2XWIG - 050US ) ,-0.0005499163692891385,0
2025-12-21,INTC,Intel stock soared in 2025 . But the chipmaker still has a long road ahead .,Intel stock soared in 2025 . But the chipmaker still has a long road ahead . ,-0.0005499163692891385,0
2025-12-22,INTC,MSI Stealth 16 AI - 16 - GeForce RTX 5060 Laptop GPU - Intel Core Ultra7 - 255H RTX - 32GB DDR5 - 1TB NVMe SSD - 240 Hz OLED Display - Win 11 Home ( Stealth 16 AI A2HWFG - 041US ),MSI Stealth 16 AI - 16  - GeForce RTX 5060 Laptop GPU - Intel Core Ultra7 - 255H RTX - 32GB DDR5 - 1TB NVMe SSD - 240 Hz OLED Display - Win 11 Home ( Stealth 16 AI A2HWFG - 041US ) ,-0.0005499163692891385,0
2025-12-22,INTC,"Intel Biggest Problem Is Being a Partner & Competitor At the Same Time , Claims Ex - Board Member , Calling for a Foundry Spin - Off","  Intel Biggest Problem Is Being a Partner & Competitor At the Same Time , Claims Ex - Board Member , Calling for a Foundry Spin - Off",-0.0005499163692891385,0
2025-12-23,INTC,"Intel Showcases Its Next - Level & Massively Scalable Packaging Capabilities : >12X Reticle With 16 Compute Tiles On 18A / 14A Nodes , Up To 24 HBM Sites & Leveraging Advanced Foveros 3D & EMIB Technologies","Intel Showcases Its Next - Level & Massively Scalable Packaging Capabilities : >12X Reticle With 16 Compute Tiles On 18A / 14A Nodes , Up To 24 HBM Sites & Leveraging Advanced Foveros 3D & EMIB Technologies",-0.00522692254978363,0
2025-12-23,INTC,Intel Fab 52 is bigger and better equipped than TSMC Arizona facilities Intel production volumes dwarf TSMC operations in the U . S .,Intel Fab 52 is bigger and better equipped than TSMC Arizona facilities Intel production volumes dwarf TSMC operations in the U . S . ,-0.00522692254978363,0
2025-12-25,INTC,FinancialContent - The High - Stakes Gamble : Can Intel Foundry Resurgence Finally Dent TSMC Dominance in 2026 ?,FinancialContent - The High - Stakes Gamble : Can Intel Foundry Resurgence Finally Dent TSMC Dominance in 2026 ? ,0.0132596555834259,1
2025-12-25,INTC,BofA Sees Advanced Packaging Potential for Intel Foundry ( INTC ) Despite Manufacturing Headwinds,BofA Sees Advanced Packaging Potential for Intel Foundry ( INTC ) Despite Manufacturing Headwinds,0.0132596555834259,1
2025-12-27,INTC,NucBox K15 mini PC offers Intel Ultra CPU and GPU expansion docks at the lowest price ever seen,NucBox K15 mini PC offers Intel Ultra CPU and GPU expansion docks at the lowest price ever seen,0.016902915123402584,1
2025-12-28,INTC,Intel Xe vs . i915 Driver Performance On Linux 6 . 19 For Arc Alchemist GPUs,Intel Xe vs . i915 Driver Performance On Linux 6 . 19 For Arc Alchemist GPUs,0.016902915123402584,1
2025-12-29,INTC,Analyzing Intel In Comparison To Competitors In Semiconductors & Semiconductor Equipment Industry - Intel ( NASDAQ : INTC ),Analyzing Intel In Comparison To Competitors In Semiconductors & Semiconductor Equipment Industry - Intel ( NASDAQ : INTC ) ,0.016902915123402584,1
2025-12-29,INTC,Nvidia takes $5B in Intel shares as major financial lifeline for chipmaker,Nvidia takes $5B in Intel shares as major financial lifeline for chipmaker,0.016902915123402584,1
2025-12-30,INTC,MSI Cyborg - 15 . 6 GeForce RTX 4050 Laptop GPU - Intel Core i7 - 13620H - 16GB Memory - 512GB SSD - Windows 11 Home Gaming Laptops - 144 Hz IPS ( A13VE - 218US ),MSI Cyborg - 15 . 6  GeForce RTX 4050 Laptop GPU - Intel Core i7 - 13620H - 16GB Memory - 512GB SSD - Windows 11 Home Gaming Laptops - 144 Hz IPS ( A13VE - 218US ) ,-0.01072379944673596,0
2025-11-06,LRCX,"Lam Research Corporation ( Nasdaq : LRCX ) Declares Quarterly Dividend , Signaling Robust Financial Health Amidst Semiconductor Boom","Lam Research Corporation ( Nasdaq : LRCX ) Declares Quarterly Dividend , Signaling Robust Financial Health Amidst Semiconductor Boom",-0.01751029560073325,0
2025-11-03,MU,"Semiconductor units of CG Power , Micron & Kaynes have begun pilot production : Ashwini Vaishnaw","Semiconductor units of CG Power , Micron & Kaynes have begun pilot production : Ashwini Vaishnaw",-0.07102684550488425,0
2025-11-05,MU,Micron reported HBM4 delay could cede AI chip advantage to Samsung and SK Hynix,Micron reported HBM4 delay could cede AI chip advantage to Samsung and SK Hynix,0.003494742268140616,1
2025-11-12,MU,"Micron reallocates CHIPS Act funds to Idaho , delaying New York fabs","Micron reallocates CHIPS Act funds to Idaho , delaying New York fabs",-0.032462241990963814,0
2025-11-15,MU,"Micron Stock Is Quietly Up 180 % YTD , What The HBM Leader Has In Store For 2026 ( NASDAQ : MU )","Micron Stock Is Quietly Up 180 % YTD , What The HBM Leader Has In Store For 2026 ( NASDAQ : MU ) ",-0.05558998240508295,0
2025-11-15,MU,Micron delays construction at $100B New York megafab,Micron delays construction at $100B New York megafab,-0.05558998240508295,0
2025-11-18,MU,"Morgan Stanley Reiterates Overweight on Micron ( MU ), Cites DRAM Shortage and Earnings Momentum","Morgan Stanley Reiterates Overweight on Micron ( MU ), Cites DRAM Shortage and Earnings Momentum",-0.011291054957906277,0
2025-11-30,MU,Micron plans $9 . 6 billion HBM fab in Japan as AI memory race accelerates,Micron plans $9 . 6 billion HBM fab in Japan as AI memory race accelerates,-0.004033919099303174,0
2025-12-01,MU,Micron plans $9 . 6bn HBM chip facility at Hiroshima site in Japan,Micron plans $9 . 6bn HBM chip facility at Hiroshima site in Japan,-0.004033919099303174,0
2025-12-01,MU,Micron reportedly plans new Hiroshima fab to reduce reliance on Taiwan production,Micron reportedly plans new Hiroshima fab to reduce reliance on Taiwan production,-0.004033919099303174,0
2025-12-03,MU,Micron is killing Crucial SSDs and memory in AI pivot company refocuses on HBM and enterprise customers,Micron is killing Crucial SSDs and memory in AI pivot company refocuses on HBM and enterprise customers,-0.03207211243130803,0
2025-12-08,MU,Micron New York Semiconductor Manufacturing LLC . Air Title V Public Comment Hearing - afternoon session,Micron New York Semiconductor Manufacturing LLC . Air Title V Public Comment Hearing - afternoon session,0.022274455856822417,1
2025-12-09,MU,Deutsche Bank sees more upside for Micron heading into chipmaker earnings,Deutsche Bank sees more upside for Micron heading into chipmaker earnings,0.0447269419651779,1
2025-12-09,MU,"Micron receives price boost from Deutsche Bank due to DRAM prices , HBM demand ( MU : NASDAQ )","Micron receives price boost from Deutsche Bank due to DRAM prices , HBM demand ( MU : NASDAQ ) ",0.0447269419651779,1
2025-12-13,MU,Micron takes big step closer to starting site work on semiconductor plant in Clay,Micron takes big step closer to starting site work on semiconductor plant in Clay,-0.02101055274234065,0
2025-12-14,MU,UBS Lifts Micron ( MU ) EPS Forecasts on Stronger DRAM and NAND Pricing,UBS Lifts Micron ( MU ) EPS Forecasts on Stronger DRAM and NAND Pricing,-0.02101055274234065,0
2025-12-14,MU,Micron Advances on Semiconductor Plant Construction in Clay,Micron Advances on Semiconductor Plant Construction in Clay,-0.02101055274234065,0
2025-12-17,MU,Micron Stock Surges As Memory - Chip Maker Smashes Estimates,Micron Stock Surges As Memory - Chip Maker Smashes Estimates,0.10211950132231506,1
2025-12-17,MU,Micron Persistent DRAM Demand,Micron Persistent DRAM Demand,0.10211950132231506,1
2025-12-18,MU,Micron hikes FY26 capex to US$20b to accelerate HBM and US fab output,Micron hikes FY26 capex to US$20b to accelerate HBM and US fab output,0.06988535777445515,1
2025-12-18,MU,Micron HBM4 production set on 1 - beta process as India ATMP ramp slips to 2026,Micron HBM4 production set on 1 - beta process as India ATMP ramp slips to 2026,0.06988535777445515,1
2025-12-18,MU,Micron says fab start - up costs to have limited impact on gross margins despite expansion push,Micron says fab start - up costs to have limited impact on gross margins despite expansion push,0.06988535777445515,1
2025-12-19,MU,Wall Street is raving about Micron earnings as one of the biggest - ever surprises for a chipmaker,Wall Street is raving about Micron earnings as one of the biggest - ever surprises for a chipmaker,0.040124806145659164,1
2025-12-21,MU,Micron ( MU ) Gets $500 Target as AI Drives DRAM and NAND Demand,Micron ( MU ) Gets $500 Target as AI Drives DRAM and NAND Demand,-0.0011569994881696077,0
2025-12-26,MU,In - Depth Analysis : Micron Technology Versus Competitors In Semiconductors & Semiconductor Equipment Industry - Micron Technology ( NASDAQ : MU ),In - Depth Analysis : Micron Technology Versus Competitors In Semiconductors & Semiconductor Equipment Industry - Micron Technology ( NASDAQ : MU ) ,0.034056296418903065,1
2025-12-26,MU,FinancialContent - The Memory Supercycle : Micron Hits All - Time High as AI Infrastructure Demand Redefines the Semiconductor Sector,FinancialContent - The Memory Supercycle : Micron Hits All - Time High as AI Infrastructure Demand Redefines the Semiconductor Sector,0.034056296418903065,1
2025-12-29,MU,Competitor Analysis : Evaluating Micron Technology And Competitors In Semiconductors & Semiconductor Equipment Industry - Micron Technology ( NASDAQ : MU ),Competitor Analysis : Evaluating Micron Technology And Competitors In Semiconductors & Semiconductor Equipment Industry - Micron Technology ( NASDAQ : MU ) ,-0.005910895346797562,0
2025-11-01,NVDA,AI chipmaker Nvidia hits record $5 trillion market valuation,AI chipmaker Nvidia hits record $5 trillion market valuation,-0.039588169738104195,0
2025-11-01,NVDA,"Microsoft CEO Doesnt Want to Buy NVIDIA AI GPUs Beyond One Generation , Hints at a Compute Glut Driven by Energy Constraints","Microsoft CEO Doesnt Want to Buy NVIDIA AI GPUs  Beyond One Generation , Hints at a Compute Glut Driven by Energy Constraints",-0.039588169738104195,0
2025-11-01,NVDA,"NVIDIA ( NVDA ) CEO Is Confident Chinese Military Wont Use His GPUs , Says Jim Cramer","NVIDIA ( NVDA ) CEO Is Confident Chinese Military Wont Use His GPUs , Says Jim Cramer",-0.039588169738104195,0
2025-11-01,NVDA,"Nvidia news today : Korea GPU build - out , Samsung AI factory plan , and a $5T milestone keep NVDA in the spotlight","Nvidia news today : Korea GPU build - out , Samsung  AI factory  plan , and a $5T milestone keep NVDA in the spotlight",-0.039588169738104195,0
2025-11-02,NVDA,1 Super Semiconductor Stock to Buy Hand Over Fist ( Hint : Not Nvidia ),1 Super Semiconductor Stock to Buy Hand Over Fist ( Hint : Not Nvidia ) ,-0.039588169738104195,0
2025-11-02,NVDA,Microsoft CEO Limits NVIDIA AI GPU Purchases Amid Potential Compute Glut,Microsoft CEO Limits NVIDIA AI GPU Purchases Amid Potential Compute Glut,-0.039588169738104195,0
2025-11-05,NVDA,"Nvidia Could Jump 75 % as GPU Shipments Set to Double , Says Loop Capital","Nvidia Could Jump 75 % as GPU Shipments Set to Double , Says Loop Capital",-0.03652479239708739,0
2025-11-05,NVDA,Industry Comparison : Evaluating NVIDIA Against Competitors In Semiconductors & Semiconductor Equipment Industry,Industry Comparison : Evaluating NVIDIA Against Competitors In Semiconductors & Semiconductor Equipment Industry,-0.03652479239708739,0
2025-11-06,NVDA,Analyzing NVIDIA In Comparison To Competitors In Semiconductors & Semiconductor Equipment Industry,Analyzing NVIDIA In Comparison To Competitors In Semiconductors & Semiconductor Equipment Industry,0.0003721605718307597,1
2025-11-06,NVDA,"Samsung HBM4 yields surge toward Nvidia certification , SK Hynix keeps edge","Samsung HBM4 yields surge toward Nvidia certification , SK Hynix keeps edge",0.0003721605718307597,1
2025-11-07,NVDA,"Nvidia Stock Is Up 50 % in 2025 , but Here Another Super Semiconductor Stock to Buy Hand Over Fist , According to Wall Street","Nvidia Stock Is Up 50 % in 2025 , but Here Another Super Semiconductor Stock to Buy Hand Over Fist , According to Wall Street",0.05793253025650147,1
2025-11-07,NVDA,Elon Musk says building his own TeraFab chip fab may be the only answer to Tesla colossal AI semiconductor demand Nvidia CEO Jensen Huang warns against extremely hard challenge,Elon Musk says building his own  TeraFab  chip fab may be the only answer to Tesla colossal AI semiconductor demand Nvidia CEO Jensen Huang warns against  extremely hard  challenge,0.05793253025650147,1
2025-11-07,NVDA,Nvidia might scrap RTX 50 SUPER GPUs,Nvidia might scrap RTX 50 SUPER GPUs,0.05793253025650147,1
2025-11-07,NVDA,Nvidia RTX 5000 Super could be cancelled or get pricier due to AI - induced GDDR7 woes rumor claims 3 GB memory chips are now too valuable for consumer GPUs,Nvidia RTX 5000 Super could be cancelled or get pricier due to AI - induced GDDR7 woes rumor claims 3 GB memory chips are now too valuable for consumer GPUs,0.05793253025650147,1
2025-11-07,NVDA,Nvidia GeForce RTX 5070 Ti review : Id happily buy this 4K GPU for the right price,Nvidia GeForce RTX 5070 Ti review :  Id happily buy this 4K GPU for the right price  ,0.05793253025650147,1
2025-11-08,NVDA,"Here How Nvidia , AMD , and Broadcom Could Help This Super Semiconductor ETF Turn $500 Per Month Into $1 Million","Here How Nvidia , AMD , and Broadcom Could Help This Super Semiconductor ETF Turn $500 Per Month Into $1 Million",-0.029590588624919145,0
2025-11-08,NVDA,"Microsoft Has Reportedly Developed Toolkits to Break NVIDIA CUDA Dominance , Slashing Inference Costs with AMD AI GPUs","Microsoft Has Reportedly Developed  Toolkits  to Break NVIDIA CUDA Dominance , Slashing Inference Costs with AMD AI GPUs",-0.029590588624919145,0
2025-11-08,NVDA,Nvidia CEO Jensen Huang Hails TSMC Wafer Backing Amid Very Strong Demand For Blackwell Chips After Trump Bars Sales To Other People,Nvidia CEO Jensen Huang Hails TSMC Wafer Backing Amid  Very Strong  Demand For Blackwell Chips After Trump Bars Sales To  Other People  ,-0.029590588624919145,0
2025-11-09,NVDA,"NVIDIA Next - Gen Rubin GPUs Have Reportedly Entered Production , Also Secures HBM4 Samples From All Major DRAM Manufacturers","NVIDIA Next - Gen Rubin GPUs Have Reportedly Entered Production , Also Secures HBM4 Samples From All Major DRAM Manufacturers",-0.029590588624919145,0
2025-11-09,NVDA,Nvidia CEO Jensen Huang asks TSMC for More Wafers as AI Demand Soars – Outlook Business,Nvidia CEO Jensen Huang asks TSMC for More Wafers as AI Demand Soars – Outlook Business,-0.029590588624919145,0
2025-11-09,NVDA,Nvidia CEO asks TSMC for more wafers - The Times of India,Nvidia CEO asks TSMC for more wafers - The Times of India,-0.029590588624919145,0
2025-11-10,NVDA,Nvidia shoves Rubin into production with HBM4 in hand,Nvidia shoves Rubin into production with HBM4 in hand,-0.029590588624919145,0
2025-11-11,NVDA,Shattering Nvidia CUDA Fortress : Spectral Compute $6M Push for GPU Freedom,Shattering Nvidia CUDA Fortress : Spectral Compute $6M Push for GPU Freedom,0.003313338698486268,1
2025-11-11,NVDA,"Black Friday isnt even here yet , and there are already some surprisingly generous discounts for Nvidia RTX GPUs – it time to open your wallet , gamers","Black Friday isnt even here yet , and there are already some surprisingly generous discounts for Nvidia RTX GPUs – it time to open your wallet , gamers",0.003313338698486268,1
2025-11-14,NVDA,NVIDIA and AMD Could Raise GPU Prices in 2026 Due to Memory Costs,NVIDIA and AMD Could Raise GPU Prices in 2026 Due to Memory Costs,-0.018772637799145286,0
2025-11-14,NVDA,"JP Morgan says Nvidia is gearing up to sell entire AI servers instead of just AI GPUs and components Jensen master plan of vertical integration will boost Nvidia profits , purportedly starting with Vera Rubin","JP Morgan says Nvidia is gearing up to sell entire AI servers instead of just AI GPUs and components Jensen master plan of vertical integration will boost Nvidia profits , purportedly starting with Vera Rubin",-0.018772637799145286,0
2025-11-14,NVDA,1 Artificial Intelligence ( AI ) Semiconductor Stock to Buy Hand Over Fist Before December ( Hint : It Not Nvidia ),1 Artificial Intelligence ( AI ) Semiconductor Stock to Buy Hand Over Fist Before December ( Hint : It Not Nvidia ) ,-0.018772637799145286,0
2025-11-15,NVDA,NVIDIA Sends Out Initial Turing GPU Support For Open - Source Nova Driver,NVIDIA Sends Out Initial Turing GPU Support For Open - Source Nova Driver,-0.028081496281955776,0
2025-11-15,NVDA,"Asu luxurious RTX 5090 GPU is twice as expensive as Nvidia Founders Edition ROG Matrix Platinum GeForce RTX 5090 launches at $3 , 999 with just 1 , 000 units available","Asu luxurious RTX 5090 GPU is twice as expensive as Nvidia Founders Edition ROG Matrix Platinum GeForce RTX 5090 launches at $3 , 999 with just 1 , 000 units available",-0.028081496281955776,0
2025-11-15,NVDA,"New Chinese optical quantum chip allegedly 1 , 000x faster than Nvidia GPUs for processing AI workloads - firm reportedly producing 12 , 000 wafers per year","New Chinese optical quantum chip allegedly 1 , 000x faster than Nvidia GPUs for processing AI workloads - firm reportedly producing 12 , 000 wafers per year",-0.028081496281955776,0
2025-11-15,NVDA,"Meet the Unstoppable Stock That Could Join Apple , Nvidia , Microsoft , Alphabet , Amazon , Meta , and Taiwan Semiconductor in the $1 Trillion Club by 2030 .","Meet the Unstoppable Stock That Could Join Apple , Nvidia , Microsoft , Alphabet , Amazon , Meta , and Taiwan Semiconductor in the $1 Trillion Club by 2030 . ",-0.028081496281955776,0
2025-11-15,NVDA,Ollama Vulkan Leap : Unlocking AI Power on Non - Nvidia GPUs,Ollama Vulkan Leap : Unlocking AI Power on Non - Nvidia GPUs,-0.028081496281955776,0
2025-11-16,NVDA,"Meet the Newest Supercharged Growth Stock to Join Nvidia , Apple , Microsoft , Amazon , Alphabet , Meta , and Taiwan Semiconductor Manufacturing in the $1 Trillion Club . It Still a Buy Right Now , According to Certain Wall Street Analysts .","Meet the Newest Supercharged Growth Stock to Join Nvidia , Apple , Microsoft , Amazon , Alphabet , Meta , and Taiwan Semiconductor Manufacturing in the $1 Trillion Club . It Still a Buy Right Now , According to Certain Wall Street Analysts . ",-0.028081496281955776,0
2025-11-18,NVDA,"Microsoft - Backed d - Matrix Raises $275M At $2B Valuation , Claims 10X Faster AI Performance Than Nvidia GPU Systems","Microsoft - Backed d - Matrix Raises $275M At $2B Valuation , Claims 10X Faster AI Performance Than Nvidia GPU Systems",0.02845170449645229,1
2025-11-18,NVDA,"UT Austin buys 4 , 000 Nvidia GPUs for Horizon supercomputer","UT Austin buys 4 , 000 Nvidia GPUs for Horizon supercomputer",0.02845170449645229,1
2025-11-18,NVDA,RAM pricing crisis threatens graphics cards – rumor has it some AMD and Nvidia budget GPUs could be scrapped,RAM pricing crisis threatens graphics cards – rumor has it some AMD and Nvidia budget GPUs could be scrapped,0.02845170449645229,1
2025-11-19,NVDA,Billionaire PayPal founder dumps stake in AI chipmaker Nvidia,Billionaire PayPal founder dumps stake in AI chipmaker Nvidia,-0.0315247514254573,0
2025-11-19,NVDA,"Nvidia pops as AI strength buoys Q3 results , guidance ; Huang says cloud GPUs sold out ( NVDA : NASDAQ )","Nvidia pops as AI strength buoys Q3 results , guidance ; Huang says cloud GPUs  sold out  ( NVDA : NASDAQ ) ",-0.0315247514254573,0
2025-11-19,NVDA,Nvidia Q3 results : Chipmaker giant reports 65 % jump in net income ; beats analyst predictions,Nvidia Q3 results : Chipmaker giant reports 65 % jump in net income ; beats analyst predictions,-0.0315247514254573,0
2025-11-19,NVDA,NVIDIA Shift To Smartphone - Style Server Memory Could Double DRAM Costs,NVIDIA Shift To Smartphone - Style Server Memory Could Double DRAM Costs,-0.0315247514254573,0
2025-11-20,NVDA,Nvidia Big Earnings And Tariff Pause Rumors Lift Semiconductor Stocks,Nvidia Big Earnings And Tariff Pause Rumors Lift Semiconductor Stocks,-0.009743140680959717,0
2025-11-20,NVDA,"Microsoft allies with Anthropic : Claude arrives on Foundry , Nvidia invests 10 billion","Microsoft allies with Anthropic : Claude arrives on Foundry , Nvidia invests 10 billion",-0.009743140680959717,0
2025-11-20,NVDA,Nvidia chips : Plot to send GPUs to China leads to indictment,Nvidia chips : Plot to send GPUs to China leads to indictment,-0.009743140680959717,0
2025-11-20,NVDA,"Trump May Delay Semiconductor Tariffs , impacting Nvidia","Trump May Delay Semiconductor Tariffs , impacting Nvidia",-0.009743140680959717,0
2025-11-22,NVDA,"Employee quits job over an Nvidia RTX 5060 intern asked to hand in GPU won on an all - expense - paid business trip , refused","Employee quits job over an Nvidia RTX 5060 intern asked to hand in GPU won on an all - expense - paid business trip , refused",-0.02591070699981468,0
2025-11-24,NVDA,"Elon Musk Claims Tesla Must Outproduce NVIDIA , AMD , and All Other AI Chip Makers in Volume if It Wants to Win the Real - World AI Race","Elon Musk Claims Tesla Must Outproduce NVIDIA , AMD , and All Other AI Chip Makers in Volume if It Wants to Win the Real - World AI Race",-0.02591070699981468,0
2025-11-25,NVDA,Nvidia slashes RTX 50 GPU prices for Black Friday,Nvidia slashes RTX 50 GPU prices for Black Friday,0.013721660319353957,1
2025-11-26,NVDA,"FLUX . 2 Models Released , Optimized for NVIDIA RTX GPUs","FLUX . 2 Models Released , Optimized for NVIDIA RTX GPUs",-0.01808494995412202,0
2025-11-26,NVDA,NVIDIA RTX 5080 finally sees Black Friday price drops The GPU everyone wants now costs what it should have all along,NVIDIA RTX 5080 finally sees Black Friday price drops The GPU everyone wants now costs what it should have all along,-0.01808494995412202,0
2025-11-27,NVDA,"Nvidia Latest Beat Proves AI Isnt Cooling Off Yet , but Is the Chipmaker Still the Best AI Play ?","Nvidia Latest Beat Proves AI Isnt Cooling Off Yet , but Is the Chipmaker Still the Best AI Play ? ",0.01649722145253496,1
2025-11-27,NVDA,This Thanksgiving real drama may be Michael Burry versus Nvidia,This Thanksgiving real drama may be Michael Burry versus Nvidia,0.01649722145253496,1
2025-11-27,NVDA,Beijing reportedly bans ByteDance from using Nvidia GPUs in new data centers,Beijing reportedly bans ByteDance from using Nvidia GPUs in new data centers,0.01649722145253496,1
2025-11-27,NVDA,"Korea , tech giants launch GPU task force to secure 260 , 000 Nvidia chips","Korea , tech giants launch GPU task force to secure 260 , 000 Nvidia chips",0.01649722145253496,1
2025-11-28,NVDA,China hybrid - bonded AI accelerators could rival Nvidia Blackwell GPUs top semiconductor expert hints at fully controllable domestic solution,China hybrid - bonded AI accelerators could rival Nvidia Blackwell GPUs top semiconductor expert hints at  fully controllable domestic solution  ,0.01649722145253496,1
2025-11-28,NVDA,Nvidia Memory Supply Freeze Could Push Gaming GPU Prices Even Higher,Nvidia Memory Supply Freeze Could Push Gaming GPU Prices Even Higher,0.01649722145253496,1
2025-11-28,NVDA,Nvidia may stop supplying VRAM to GPU partners as global memory shortage grows : Report,Nvidia may stop supplying VRAM to GPU partners as global memory shortage grows : Report,0.01649722145253496,1
2025-11-28,NVDA,"Nvidia reportedly no longer supplying VRAM to its GPU board partners in response to memory crunch rumor claims vendors will only get the die , forced to source memory on their own","Nvidia reportedly no longer supplying VRAM to its GPU board partners in response to memory crunch rumor claims vendors will only get the die , forced to source memory on their own",0.01649722145253496,1
2025-11-29,NVDA,"Here Why Nvidia Partner , Navitas Semiconductor powered higher This Week","Here Why Nvidia Partner , Navitas Semiconductor powered higher This Week",0.008559374639807826,1
2025-11-29,NVDA,"Nvidia RTX 5070 dips to an all - time low $479 on Newegg , $70 below MSRP get yourself an affordable GPU upgrade","Nvidia RTX 5070 dips to an all - time low $479 on Newegg , $70 below MSRP get yourself an affordable GPU upgrade",0.008559374639807826,1
2025-11-30,NVDA,Is NVIDIA ( NVDA ) One of the Best Semiconductor Stocks to Buy Heading into 2026 ?,Is NVIDIA ( NVDA ) One of the Best Semiconductor Stocks to Buy Heading into 2026 ? ,0.008559374639807826,1
2025-12-01,NVDA,NVIDIA ( NVDA ) Latest AI GPUs Sustain Analyst Optimism,NVIDIA ( NVDA ) Latest AI GPUs Sustain Analyst Optimism,0.008559374639807826,1
2025-12-01,NVDA,"Nvidia plows $2B into Synopsys to make GPUs a must - have for design , simulation customers","Nvidia plows $2B into Synopsys to make GPUs a must - have for design , simulation customers",0.008559374639807826,1
2025-12-02,NVDA,Singularity Compute launches first enterprise - grade NVIDIA GPU cluster in Sweden,Singularity Compute launches first enterprise - grade NVIDIA GPU cluster in Sweden,-0.010305343286772684,0
2025-12-02,NVDA,"Nvidia $100 - billion deal with OpenAI not finalized , chip maker CFO says","Nvidia $100 - billion deal with OpenAI not finalized , chip maker CFO says",-0.010305343286772684,0
2025-12-02,NVDA,Nvidia Holds 92 % of GPU Market Share Despite Modest Gains by AMD and Intel,Nvidia Holds 92 % of GPU Market Share Despite Modest Gains by AMD and Intel,-0.010305343286772684,0
2025-12-03,NVDA,Huawei - style chip stacking seen as a path for China to rival Nvidia GPUs,Huawei - style  chip stacking  seen as a path for China to rival Nvidia GPUs,0.02116050235556166,1
2025-12-04,NVDA,Nvidia lobbies White House and wins loosened AI GPU export control to China U . S . lawmakers reportedly reject GAIN AI Act,Nvidia lobbies White House and wins loosened AI GPU export control to China U . S . lawmakers reportedly reject GAIN AI Act,-0.0052895691726206895,0
2025-12-05,NVDA,Beyond NVIDIA : 5 Semiconductor Stocks Set to Dominate 2026,Beyond NVIDIA : 5 Semiconductor Stocks Set to Dominate 2026,0.01721396484079296,1
2025-12-05,NVDA,Chinese GPU makr surges 400 % amid booming demand for Nvidia alternatives : China Nvidia,Chinese GPU makr surges 400 % amid booming demand for Nvidia alternatives :  China Nvidia  ,0.01721396484079296,1
2025-12-05,NVDA,Nvidia vs Taiwan Semiconductor Manufacturing : Which Artificial Intelligence ( AI ) Stock Is a Better Buy Right Now ?,Nvidia vs Taiwan Semiconductor Manufacturing : Which Artificial Intelligence ( AI ) Stock Is a Better Buy Right Now ? ,0.01721396484079296,1
2025-12-05,NVDA,Aetina Intros NVIDIA Blackwell MXM GPUs For Industrial Applications : Up To RTX PRO 5000 & 24 GB GDDR7 Memory,Aetina Intros NVIDIA Blackwell MXM GPUs For Industrial Applications : Up To RTX PRO 5000 & 24 GB GDDR7 Memory,0.01721396484079296,1
2025-12-05,NVDA,"As China defies US tech blockade , can local AI chipmakers capture Nvidia market share ?","As China defies US tech blockade , can local AI chipmakers capture Nvidia market share ? ",0.01721396484079296,1
2025-12-05,NVDA,"Nvidia replaces entire $10 , 000 RTX Pro 6000 graphics card of stricken user who broke it in transit company offers to ship replacement and troubleshoot busted GPU","Nvidia replaces entire $10 , 000 RTX Pro 6000 graphics card of stricken user who broke it in transit company offers to ship replacement and troubleshoot busted GPU",0.01721396484079296,1
2025-12-07,NVDA,NZ - AU : IREN Purchases 4 . 2k NVIDIA Blackwell GPUs & Secures Financing – AI Cloud Expanded to 8 . 5k GPUs,NZ - AU : IREN Purchases 4 . 2k NVIDIA Blackwell GPUs & Secures Financing – AI Cloud Expanded to 8 . 5k GPUs,-0.0031258519079242486,0
2025-12-07,NVDA,Nvidia continues to phase out Pascal GPUs,Nvidia continues to phase out Pascal GPUs,-0.0031258519079242486,0
2025-12-09,NVDA,Feds Nab Texas Man for Trying to Smuggle $160 Million in Nvidia GPUs to China,Feds Nab Texas Man for Trying to Smuggle $160 Million in Nvidia GPUs to China,-0.006433488855235314,0
2025-12-10,NVDA,Nvidia develops software - based tracking for AI GPUs to quash smuggling concerns solution devised to prevent shipments to nations with export controls in place,Nvidia develops software - based tracking for AI GPUs to quash smuggling concerns solution devised to prevent shipments to nations with export controls in place,-0.015507705530775517,0
2025-12-11,NVDA,"Nvidia developing new service to track GPU health , location","Nvidia developing new service to track GPU health , location",-0.032664503634346365,0
2025-12-13,NVDA,"NVIDIA H200 AI GPUs Witness Massive Demand In China , Increasing Capacity To Ensure Zero Impact On US Customers","NVIDIA H200 AI GPUs Witness Massive Demand In China , Increasing Capacity To Ensure Zero Impact On US Customers",0.00811167955658898,1
2025-12-13,NVDA,CES 2026 will finally answer big questions around Nvidia RTX 50 Super GPUs,CES 2026 will finally answer big questions around Nvidia RTX 50 Super GPUs,0.00811167955658898,1
2025-12-13,NVDA,Nvidia details new software that enables location tracking for AI GPUs opt - in remote data center GPU fleet management includes power usage and thermal monitoring,Nvidia details new software that enables location tracking for AI GPUs opt - in remote data center GPU fleet management includes power usage and thermal monitoring,0.00811167955658898,1
2025-12-14,NVDA,BofA Says Nvidia ( NVDA ) GPUs Remain a Full Generation Ahead of Rivals,BofA Says Nvidia ( NVDA ) GPUs Remain a Full Generation Ahead of Rivals,0.00811167955658898,1
2025-12-14,NVDA,Unreleased RTX Titan Ada prototype gets taken apart to reveal complex internal design and assembly Nvidia mythical GPU is engineered to the max with dual 12VHPWR connectors,Unreleased RTX Titan Ada prototype gets taken apart to reveal complex internal design and assembly Nvidia mythical GPU is engineered to the max with dual 12VHPWR connectors,0.00811167955658898,1
2025-12-15,NVDA,The 4 best GPUs of 2025 and the one Nvidia card you must avoid,The 4 best GPUs of 2025 and the one Nvidia card you must avoid,0.00811167955658898,1
2025-12-16,NVDA,AI Chipmaker Nvidia Just Released Open Source Models For AI Agents,AI Chipmaker Nvidia Just Released Open Source Models For AI Agents,-0.038149891586355955,0
2025-12-16,NVDA,"Efficient Synchronous Dataflow Execution For GPUs ( NVIDIA , UW - Madison )","Efficient Synchronous Dataflow Execution For GPUs ( NVIDIA , UW - Madison ) ",-0.038149891586355955,0
2025-12-16,NVDA,"This Tool Claims to Run the De - Facto CUDA Code on Non - NVIDIA GPUs , And a Major Upgrade Now Adds Support for AMD ROCm7","This Tool Claims to Run the De - Facto CUDA Code on Non - NVIDIA GPUs , And a Major Upgrade Now Adds Support for AMD ROCm7",-0.038149891586355955,0
2025-12-16,NVDA,"Fortinet , Nvidia embed firewall security in AI fabrics","Fortinet , Nvidia embed firewall security in AI fabrics",-0.038149891586355955,0
2025-12-18,NVDA,"South Korea Allocates 10 , 000 Nvidia GPUs to SMEs and AI Projects","South Korea Allocates 10 , 000 Nvidia GPUs to SMEs and AI Projects",0.039336201490321354,1
2025-12-19,NVDA,"Nvidia stock gains on Trump chip export review , sparking rally in chipmakers","Nvidia stock gains on Trump chip export review , sparking rally in chipmakers",0.014917933953784823,1
2025-12-19,NVDA,Why Nvidia Is Planning a Major Cut to Gaming GPU Production Next Year,Why Nvidia Is Planning a Major Cut to Gaming GPU Production Next Year,0.014917933953784823,1
2025-12-20,NVDA,NVIDIA Corporation $NVDA Shares Purchased by Canandaigua National Bank & Trust Co .,NVIDIA Corporation $NVDA Shares Purchased by Canandaigua National Bank & Trust Co . ,0.030050651636426062,1
2025-12-20,NVDA,"Canandaigua National Trust Co of Florida Sells 2 , 814 Shares of NVIDIA Corporation $NVDA","Canandaigua National Trust Co of Florida Sells 2 , 814 Shares of NVIDIA Corporation $NVDA",0.030050651636426062,1
2025-12-20,NVDA,Mesa 26 . 0 NVK Driver Lands Improvement For NVIDIA GeForce RTX 20 Turing GPUs,Mesa 26 . 0 NVK Driver Lands Improvement For NVIDIA GeForce RTX 20  Turing  GPUs,0.030050651636426062,1
2025-12-20,NVDA,Michael Burry Asks For Photos Of Warehoused Nvidia GPUs After Analyst Questions Jensen Huang Blackwell Shipment Numbers ( UPDATED ),Michael Burry Asks For Photos Of Warehoused Nvidia GPUs After Analyst Questions Jensen Huang Blackwell Shipment Numbers ( UPDATED ) ,0.030050651636426062,1
2025-12-21,NVDA,Jim Cramer Calls NVIDIA a Fabulous Company,Jim Cramer Calls NVIDIA a  Fabulous  Company,0.030050651636426062,1
2025-12-22,NVDA,Samsung gains ground in Nvidia HBM4 tests as AI memory supply race tightens,Samsung gains ground in Nvidia HBM4 tests as AI memory supply race tightens,0.030050651636426062,1
2025-12-23,NVDA,Semiconductors : Nvidia at the heart of the new Pacific battle,Semiconductors : Nvidia at the heart of the new Pacific battle,-0.003171111898024437,0
2025-12-23,NVDA,Samsung HBM4 chips have reportedly passed NVIDIA tests with flying colors,Samsung HBM4 chips have reportedly passed NVIDIA tests with flying colors,-0.003171111898024437,0
2025-12-23,NVDA,"FinancialContent - Nvidia Shatters Key Technical Resistance , Igniting Year - End Semiconductor Surge and $5 Trillion Milestone","FinancialContent - Nvidia Shatters Key Technical Resistance , Igniting Year - End Semiconductor Surge and $5 Trillion Milestone",-0.003171111898024437,0
2025-12-23,NVDA,"Nvidia prepares shipment of 82 , 000 AI GPUs to China as chip war lines blur H200 shipments with 25 % tax to begin as US loosens restrictions","Nvidia prepares shipment of 82 , 000 AI GPUs to China as chip war lines blur H200 shipments with 25 % tax to begin as US loosens restrictions",-0.003171111898024437,0
2025-12-24,NVDA,"SK hynix expands U . S . presence with new Bellevue , Seattle office in efforts to get closer to its largest customers offices near Nvidia , Amazon , and Microsoft highlight co - designed HBM efforts","SK hynix expands U . S . presence with new Bellevue , Seattle office in efforts to get closer to its largest customers offices near Nvidia , Amazon , and Microsoft highlight co - designed HBM efforts",0.010179726222003582,1
2025-12-24,NVDA,"Nvidia Stock Is Up 31 % in 2025 , But Here Another Super Semiconductor Stock to Buy in 2026 , According to Wall Street","Nvidia Stock Is Up 31 % in 2025 , But Here Another Super Semiconductor Stock to Buy in 2026 , According to Wall Street",0.010179726222003582,1
2025-12-25,NVDA,Arch Linux kills off Nvidia Pascal GPU support users still running GTX 10 - series graphics cards will have to manually install older drivers,Arch Linux kills off Nvidia Pascal GPU support users still running GTX 10 - series graphics cards will have to manually install older drivers,-0.012124062212741427,0
2025-12-25,NVDA,"Nvidia licenses Groq inference technology , Groq executives join chipmaker ( NVDA : NASDAQ )","Nvidia licenses Groq inference technology , Groq executives join chipmaker ( NVDA : NASDAQ ) ",-0.012124062212741427,0
2025-12-25,NVDA,"$20 billion , all cash ! Inside Nvidia biggest Christmas shopping spree ever to acquire Trump Jr - backed AI chip maker","$20 billion , all cash ! Inside Nvidia biggest Christmas shopping spree ever to acquire Trump Jr - backed AI chip maker",-0.012124062212741427,0
2025-12-26,NVDA,"Nvidia reportedly backs away from its effort to make its own public cloud , team reorg eases friction with customers chipmaker shifts unit focus to internal R & D","Nvidia reportedly backs away from its effort to make its own public cloud , team reorg eases friction with customers chipmaker shifts unit focus to internal R & D",-0.012124062212741427,0
2025-12-26,NVDA,Nvidia Acquires Tech and Talent From Inference Chip Maker Groq,Nvidia Acquires Tech and Talent From Inference Chip Maker Groq,-0.012124062212741427,0
2025-12-27,NVDA,"AMD And NVIDIA Are Expected To Hike GPU Prices Early 2026 , And May Continue To Do So In The Following Months","AMD And NVIDIA Are Expected To Hike GPU Prices Early 2026 , And May Continue To Do So In The Following Months",-0.003612835671873982,0
2025-12-27,NVDA,"GPU Power Cable NVIDIA Dual 8 - Pin To 8 - Pin – For Tesla M60 , P40 , P100 , Yellow 4 Tesla Cables","GPU Power Cable NVIDIA Dual 8 - Pin To 8 - Pin – For Tesla M60 , P40 , P100 , Yellow 4  Tesla Cables",-0.003612835671873982,0
2025-12-28,NVDA,"Modders are slapping 32GB of VRAM on Nvidia RTX 5080 GPUs , but that isnt good for gamers modded variants designed for AI workstations and servers","Modders are slapping 32GB of VRAM on Nvidia RTX 5080 GPUs , but that isnt good for gamers modded variants designed for AI workstations and servers",-0.003612835671873982,0
2025-12-28,NVDA,"Nvidia Aqui - Hire of Groq Eliminates a Potential Competitor and Marks Its Entrance Into the Non - GPU , AI Inference Chip Space","Nvidia  Aqui - Hire  of Groq Eliminates a Potential Competitor and Marks Its Entrance Into the Non - GPU , AI Inference Chip Space",-0.003612835671873982,0
2025-12-28,NVDA,"NVIDIA Next - Gen Feynman GPUs Could See the Inclusion of Groq LPU Units By 2028 , Stacked as Separate Dies Similar to AMD X3D Approach","NVIDIA Next - Gen Feynman GPUs Could See the Inclusion of Groq LPU Units By 2028 , Stacked as Separate Dies Similar to AMD X3D Approach",-0.003612835671873982,0
2025-12-28,NVDA,Cheaper Radeon Pro cards quietly outperform Nvidia flagship workstation GPUs across real engineering workloads,Cheaper Radeon Pro cards quietly outperform Nvidia flagship workstation GPUs across real engineering workloads,-0.003612835671873982,0
2025-12-29,NVDA,Nvidia takes $5B in Intel shares as major financial lifeline for chipmaker,Nvidia takes $5B in Intel shares as major financial lifeline for chipmaker,-0.003612835671873982,0
2025-12-29,NVDA,"Nvidia RTX Pro 5000 Blackwell GPU : 72GB GDDR7 , AI Power for Pros","Nvidia RTX Pro 5000 Blackwell GPU : 72GB GDDR7 , AI Power for Pros",-0.003612835671873982,0
2025-11-08,ON,"Ambassador Kwatra interacts with Intel CEO on plans to develop semiconductor , AI industry in India","Ambassador Kwatra interacts with Intel CEO on plans to develop semiconductor , AI industry in India",-0.0022661847605440766,0
2025-11-12,ON,"AMD Soars on Ambitious AI Vision , Reshaping Semiconductor Landscape","AMD Soars on Ambitious AI Vision , Reshaping Semiconductor Landscape",-0.023137799453151864,0
2025-11-15,ON,Ollama Vulkan Leap : Unlocking AI Power on Non - Nvidia GPUs,Ollama Vulkan Leap : Unlocking AI Power on Non - Nvidia GPUs,-0.00999563406990478,0
2025-11-15,ON,Intel GPUs On Raspberry Pi Is So Wrong It Feels Right,Intel GPUs On Raspberry Pi Is So Wrong It Feels Right,-0.00999563406990478,0
2025-11-18,ON,"Morgan Stanley Reiterates Overweight on Micron ( MU ), Cites DRAM Shortage and Earnings Momentum","Morgan Stanley Reiterates Overweight on Micron ( MU ), Cites DRAM Shortage and Earnings Momentum",0.01229142980057163,1
2025-11-20,ON,"Microsoft allies with Anthropic : Claude arrives on Foundry , Nvidia invests 10 billion","Microsoft allies with Anthropic : Claude arrives on Foundry , Nvidia invests 10 billion",0.04008906850533367,1
2025-11-22,ON,"Employee quits job over an Nvidia RTX 5060 intern asked to hand in GPU won on an all - expense - paid business trip , refused","Employee quits job over an Nvidia RTX 5060 intern asked to hand in GPU won on an all - expense - paid business trip , refused",0.019413420457724984,1
2025-11-24,ON,Broadcom Rallies As Semiconductor Stocks Surge On Fed Rate Cut Hopes,Broadcom Rallies As Semiconductor Stocks Surge On Fed Rate Cut Hopes,0.019413420457724984,1
2025-11-25,ON,Applied Materials shares rise as UBS upgrades to Buy on bullish DRAM cycle,Applied Materials shares rise as UBS upgrades to  Buy  on bullish DRAM cycle,0.02753049013765363,1
2025-11-28,ON,"Im tracking the best Black Friday GPU deals lowest prices on RTX 50 - series , AMD Radeon and more , but grab one now before the prices surge","Im tracking the best Black Friday GPU deals lowest prices on RTX 50 - series , AMD Radeon and more , but grab one now before the prices surge",0.0037818196727970044,1
2025-11-28,ON,"Nvidia reportedly no longer supplying VRAM to its GPU board partners in response to memory crunch rumor claims vendors will only get the die , forced to source memory on their own","Nvidia reportedly no longer supplying VRAM to its GPU board partners in response to memory crunch rumor claims vendors will only get the die , forced to source memory on their own",0.0037818196727970044,1
2025-11-29,ON,"Nvidia RTX 5070 dips to an all - time low $479 on Newegg , $70 below MSRP get yourself an affordable GPU upgrade","Nvidia RTX 5070 dips to an all - time low $479 on Newegg , $70 below MSRP get yourself an affordable GPU upgrade",0.020820924662036555,1
2025-11-29,ON,"BofA Reaffirms Buy on ASML , Citing DRAM Upside and Recovery Potential in China","BofA Reaffirms Buy on ASML , Citing DRAM Upside and Recovery Potential in China",0.020820924662036555,1
2025-12-01,ON,Micron reportedly plans new Hiroshima fab to reduce reliance on Taiwan production,Micron reportedly plans new Hiroshima fab to reduce reliance on Taiwan production,0.020820924662036555,1
2025-12-03,ON,Micron is killing Crucial SSDs and memory in AI pivot company refocuses on HBM and enterprise customers,Micron is killing Crucial SSDs and memory in AI pivot company refocuses on HBM and enterprise customers,-0.04129484772249559,0
2025-12-12,ON,The blemishes in Broadcom earnings that are putting pressure on the chipmaker,The blemishes in Broadcom earnings that are putting pressure on the chipmaker,0.0023653760968123105,1
2025-12-13,ON,"NVIDIA H200 AI GPUs Witness Massive Demand In China , Increasing Capacity To Ensure Zero Impact On US Customers","NVIDIA H200 AI GPUs Witness Massive Demand In China , Increasing Capacity To Ensure Zero Impact On US Customers",-0.00962059861733322,0
2025-12-13,ON,Micron takes big step closer to starting site work on semiconductor plant in Clay,Micron takes big step closer to starting site work on semiconductor plant in Clay,-0.00962059861733322,0
2025-12-14,ON,UBS Lifts Micron ( MU ) EPS Forecasts on Stronger DRAM and NAND Pricing,UBS Lifts Micron ( MU ) EPS Forecasts on Stronger DRAM and NAND Pricing,-0.00962059861733322,0
2025-12-14,ON,Micron Advances on Semiconductor Plant Construction in Clay,Micron Advances on Semiconductor Plant Construction in Clay,-0.00962059861733322,0
2025-12-16,ON,"This Tool Claims to Run the De - Facto CUDA Code on Non - NVIDIA GPUs , And a Major Upgrade Now Adds Support for AMD ROCm7","This Tool Claims to Run the De - Facto CUDA Code on Non - NVIDIA GPUs , And a Major Upgrade Now Adds Support for AMD ROCm7",-0.0225439793122596,0
2025-12-18,ON,Micron HBM4 production set on 1 - beta process as India ATMP ramp slips to 2026,Micron HBM4 production set on 1 - beta process as India ATMP ramp slips to 2026,0.01601028578288166,1
2025-12-18,ON,Micron says fab start - up costs to have limited impact on gross margins despite expansion push,Micron says fab start - up costs to have limited impact on gross margins despite expansion push,0.01601028578288166,1
2025-12-19,ON,"Nvidia stock gains on Trump chip export review , sparking rally in chipmakers","Nvidia stock gains on Trump chip export review , sparking rally in chipmakers",0.021010684054482143,1
2025-12-23,ON,"Intel Showcases Its Next - Level & Massively Scalable Packaging Capabilities : >12X Reticle With 16 Compute Tiles On 18A / 14A Nodes , Up To 24 HBM Sites & Leveraging Advanced Foveros 3D & EMIB Technologies","Intel Showcases Its Next - Level & Massively Scalable Packaging Capabilities : >12X Reticle With 16 Compute Tiles On 18A / 14A Nodes , Up To 24 HBM Sites & Leveraging Advanced Foveros 3D & EMIB Technologies",-0.010953435279162371,0
2025-12-25,ON,AMD EXPO 1 . 2 could supercharge Ryzen CPUs with CUDIMM support amid global DRAM crunch full AMD CUDIMM support is on the horizon,AMD EXPO 1 . 2 could supercharge Ryzen CPUs with CUDIMM support amid global DRAM crunch full AMD CUDIMM support is on the horizon,-0.016566536361849682,0
2025-12-26,ON,"AMD RDNA3 / RDNA4 Go Down Hard On Linux 6 . 19 , But Here How The Older AMD GPUs End Out 2025","AMD RDNA3 / RDNA4 Go Down Hard On Linux 6 . 19 , But Here How The Older AMD GPUs End Out 2025",-0.016566536361849682,0
2025-12-28,ON,Intel Xe vs . i915 Driver Performance On Linux 6 . 19 For Arc Alchemist GPUs,Intel Xe vs . i915 Driver Performance On Linux 6 . 19 For Arc Alchemist GPUs,0.00407258827913437,1
2025-12-28,ON,"Modders are slapping 32GB of VRAM on Nvidia RTX 5080 GPUs , but that isnt good for gamers modded variants designed for AI workstations and servers","Modders are slapping 32GB of VRAM on Nvidia RTX 5080 GPUs , but that isnt good for gamers modded variants designed for AI workstations and servers",0.00407258827913437,1
2025-11-16,QCOM,"Intel Advanced Packaging Attracts Attention From Apple and Qualcomm , Potentially Opening a New Frontier for the Foundry Business","Intel  Advanced Packaging  Attracts Attention From Apple and Qualcomm , Potentially Opening a New Frontier for the Foundry Business",-0.01013495149676158,0
2025-12-10,QCOM,"MediaTek Undecided About a Dual - Chipset Strategy Like Qualcomm For 2026 , But High 2nm Wafer Costs May Convince It","MediaTek Undecided About a Dual - Chipset Strategy Like Qualcomm For 2026 , But High 2nm Wafer Costs May Convince It",-0.005158895816750331,0
2025-11-05,SOXX,"SK hynix reveals DRAM development roadmap through 2031 DDR6 , GDDR8 , LPDDR6 , and 3D DRAM incoming","SK hynix reveals DRAM development roadmap through 2031 DDR6 , GDDR8 , LPDDR6 , and 3D DRAM incoming",-0.02609095591433952,0
2025-11-07,SOXX,Prediction : The Best - Performing Artificial Intelligence Stock of 2026 Wont Be a Chipmaker,Prediction : The Best - Performing Artificial Intelligence Stock of 2026 Wont Be a Chipmaker,0.025884926191307,1
2025-11-08,SOXX,Critical Comparison : GlobalFoundries ( NASDAQ : GFS ) & Alpha and Omega Semiconductor ( NASDAQ : AOSL ),Critical Comparison : GlobalFoundries ( NASDAQ : GFS ) & Alpha and Omega Semiconductor ( NASDAQ : AOSL ) ,-0.022682179087337162,0
2025-11-08,SOXX,Better Artificial Intelligence ETF : iShares Semiconductor vs . the Fidelity MSCI Information Technology Index,Better Artificial Intelligence ETF : iShares Semiconductor vs . the Fidelity MSCI Information Technology Index,-0.022682179087337162,0
2025-11-13,SOXX,Samsung pushes HBM3E chips for AI servers while also improving HBM4 yield,Samsung pushes HBM3E chips for AI servers while also improving HBM4 yield,-0.0029719499254953208,0
2025-11-22,SOXX,This Is the Most Overlooked Semiconductor Stock Powering the Artificial Intelligence ( AI ) Infrastructure Boom,This Is the Most Overlooked Semiconductor Stock Powering the Artificial Intelligence ( AI ) Infrastructure Boom,0.0031127698808675053,1
2025-11-28,SOXX,SK hynix Holds No . 1 Spot in Global DRAM Market as Samsung Narrows Gap,SK hynix Holds No . 1 Spot in Global DRAM Market as Samsung Narrows Gap,0.0006066317518680364,1
2025-11-30,SOXX,Samsung to unveil even faster HBM4 chip early next year,Samsung to unveil even faster HBM4 chip early next year,0.019937953154013588,1
2025-12-01,SOXX,Hunter Valley Solar Foundry project plant to create 100 full - time jobs . | Camden Haven Courier,Hunter Valley Solar Foundry project plant to create 100 full - time jobs . | Camden Haven Courier,0.019937953154013588,1
2025-12-01,SOXX,Google TPU Demand Boosts Samsung and SK Hynix HBM Prospects,Google TPU Demand Boosts Samsung and SK Hynix HBM Prospects,0.019937953154013588,1
2025-12-02,SOXX,2025 Fan - Out Wafer Level Packaging Industry Intelligence Report : Position Your Business for Sustainable Advantage By Top Research Firm,2025 Fan - Out Wafer Level Packaging Industry Intelligence Report : Position Your Business for Sustainable Advantage By Top Research Firm,0.02152954371919824,1
2025-12-05,SOXX,The Hong Kong University of Science and Technology : HKUST and SEMI Co - Host Inaugural 2025 Semiconductor Innovation and Intelligent Application Summit ( SIIAS ),The Hong Kong University of Science and Technology : HKUST and SEMI Co - Host Inaugural 2025 Semiconductor Innovation and Intelligent Application Summit ( SIIAS ) ,0.010859788221288413,1
2025-12-05,SOXX,Semiconductor Intellectual Property Market Projections,Semiconductor Intellectual Property Market Projections,0.010859788221288413,1
2025-12-05,SOXX,Samsung nears HBM4 approval as profit outlook surges,Samsung nears HBM4 approval as profit outlook surges,0.010859788221288413,1
2025-12-08,SOXX,"Memory supercycle builds as HBM demand lifts Samsung , SK hynix earnings","Memory supercycle builds as HBM demand lifts Samsung , SK hynix earnings",-0.001854492772090488,0
2025-12-10,SOXX,AI Memory Chipmaker SK Hynix Weighs New York Stock Listing,AI Memory Chipmaker SK Hynix Weighs New York Stock Listing,-0.005721939848136293,0
2025-12-15,SOXX,Artificial Intelligence GPU Depreciation Debate and Earnings Risk,Artificial Intelligence GPU Depreciation Debate and Earnings Risk,-0.004617315008196621,0
2025-12-22,SOXX,Samsung DS Division Responsible For The Company Semiconductor Business Will Hand Out A 100 % Performance Bonus To Employees As Company Recovery Goes Into Overdrive,Samsung DS Division Responsible For The Company Semiconductor Business Will Hand Out A 100 % Performance Bonus To Employees As Company Recovery Goes Into Overdrive,0.0036861345796685985,1
2025-12-22,SOXX,Inside Samsung Bribery Allegations As DRAM And NAND Prices Surge Worldwide,Inside Samsung Bribery Allegations As DRAM And NAND Prices Surge Worldwide,0.0036861345796685985,1
2025-12-22,SOXX,Apple locks in Samsung as DRAM shortage bites,Apple locks in Samsung as DRAM shortage bites,0.0036861345796685985,1
2025-12-22,SOXX,"Samsung Has Reportedly Become Apple Largest DRAM Supplier For The iPhone 17 Series , Accounting For 60 - 70 % of Shipments , iPhone 18 Supply Also Included","Samsung Has Reportedly Become Apple Largest DRAM Supplier For The iPhone 17 Series , Accounting For 60 - 70 % of Shipments , iPhone 18 Supply Also Included",0.0036861345796685985,1
2025-12-23,SOXX,Linux 6 . 19 Improves Radeon HD 7950 Performance By 30 % With AMDGPU Driver,Linux 6 . 19 Improves Radeon HD 7950 Performance By 30 % With AMDGPU Driver,0.003869436078250965,1
2025-12-24,SOXX,Samsung Execs Charged in Massive 10nm DRAM Trillion - Won Leak to China,Samsung Execs Charged in Massive 10nm DRAM Trillion - Won Leak to China,-0.0003266678602288353,0
2025-12-25,SOXX,Samsung Exynos 2800 Reportedly Features The Company In - House GPU And Is Scheduled To Launch In 2027 ; SoC Can Be Found In Applications Beyond Smartphones,Samsung Exynos 2800 Reportedly Features The Company In - House GPU And Is Scheduled To Launch In 2027 ; SoC Can Be Found In Applications Beyond Smartphones,-0.0023526375656777176,0
2025-12-25,SOXX,Samsung 10nm - class DRAM technology thieves indicted,Samsung 10nm - class DRAM technology thieves indicted,-0.0023526375656777176,0
2025-12-26,SOXX,Samsung to build a custom GPU for its upcoming Exynos 2800 processor in 2027,Samsung to build a custom GPU for its upcoming Exynos 2800 processor in 2027,-0.0023526375656777176,0
2025-12-28,SOXX,"Weekend Tech Roundup : Italy Targets Meta , Samsung GPU Move , AI Billionaires , TikTok Oracle - Led Shift And Russia Starlink Threat","Weekend Tech Roundup : Italy Targets Meta , Samsung GPU Move , AI Billionaires , TikTok Oracle - Led Shift And Russia Starlink Threat",-0.0013100808557875432,0
2025-12-29,SOXX,Better Artificial Intelligence Stock : Navitas Semiconductor vs . Astera Labs,Better Artificial Intelligence Stock : Navitas Semiconductor vs . Astera Labs,-0.0013100808557875432,0
2025-12-29,SOXX,Forget about Galaxy S26 : Samsung could pull an Apple for Galaxy S28 GPU,Forget about Galaxy S26 : Samsung could pull an Apple for Galaxy S28 GPU,-0.0013100808557875432,0
2025-11-08,TSM,"TSMC 3nm Process Has Entered Golden Period Of Mass Production , Estimates State That Monthly Wafer Production Can Reach 160 , 000 Units By The End Of 2025","TSMC 3nm Process Has Entered  Golden Period Of Mass Production , Estimates State That Monthly Wafer Production Can Reach 160 , 000 Units By The End Of 2025",-0.013885484804842418,0
2025-11-08,TSM,Nvidia CEO Jensen Huang Hails TSMC Wafer Backing Amid Very Strong Demand For Blackwell Chips After Trump Bars Sales To Other People,Nvidia CEO Jensen Huang Hails TSMC Wafer Backing Amid  Very Strong  Demand For Blackwell Chips After Trump Bars Sales To  Other People  ,-0.013885484804842418,0
2025-11-09,TSM,Nvidia CEO Jensen Huang asks TSMC for More Wafers as AI Demand Soars – Outlook Business,Nvidia CEO Jensen Huang asks TSMC for More Wafers as AI Demand Soars – Outlook Business,-0.013885484804842418,0
2025-11-09,TSM,1 Surprising Way Taiwan Semiconductor Manufacturing ( TSMC ) Makes Money,1 Surprising Way Taiwan Semiconductor Manufacturing ( TSMC ) Makes Money,-0.013885484804842418,0
2025-11-09,TSM,Nvidia CEO asks TSMC for more wafers - The Times of India,Nvidia CEO asks TSMC for more wafers - The Times of India,-0.013885484804842418,0
2025-11-10,TSM,GlobalFoundries licenses GaN tech from TSMC - Compound Semiconductor News,GlobalFoundries licenses GaN tech from TSMC - Compound Semiconductor News,-0.013885484804842418,0
2025-11-10,TSM,"Musk confirms Tesla AI5 and AI6 will be made at both Samsung and TSMC , reinforcing dual - foundry strategy","Musk confirms Tesla AI5 and AI6 will be made at both Samsung and TSMC , reinforcing dual - foundry strategy",-0.013885484804842418,0
2025-11-10,TSM,GlobalFoundries Secures Next - Gen Chip Tech From Taiwan Semiconductor,GlobalFoundries Secures Next - Gen Chip Tech From Taiwan Semiconductor,-0.013885484804842418,0
2025-11-10,TSM,GlobalFoundries rises as it licenses next - gen technology from Taiwan Semiconductor ( GFS : NASDAQ ),GlobalFoundries rises as it licenses next - gen technology from Taiwan Semiconductor ( GFS : NASDAQ ) ,-0.013885484804842418,0
2025-11-12,TSM,"Intel Foundry Faces Major Setback as Revenue Falls 1 , 000 Times Behind TSMC","Intel Foundry Faces Major Setback as Revenue Falls 1 , 000 Times Behind TSMC",-0.028972464771136797,0
2025-11-15,TSM,"Meet the Unstoppable Stock That Could Join Apple , Nvidia , Microsoft , Alphabet , Amazon , Meta , and Taiwan Semiconductor in the $1 Trillion Club by 2030 .","Meet the Unstoppable Stock That Could Join Apple , Nvidia , Microsoft , Alphabet , Amazon , Meta , and Taiwan Semiconductor in the $1 Trillion Club by 2030 . ",-0.014538482104647255,0
2025-11-16,TSM,"Meet the Newest Supercharged Growth Stock to Join Nvidia , Apple , Microsoft , Amazon , Alphabet , Meta , and Taiwan Semiconductor Manufacturing in the $1 Trillion Club . It Still a Buy Right Now , According to Certain Wall Street Analysts .","Meet the Newest Supercharged Growth Stock to Join Nvidia , Apple , Microsoft , Amazon , Alphabet , Meta , and Taiwan Semiconductor Manufacturing in the $1 Trillion Club . It Still a Buy Right Now , According to Certain Wall Street Analysts . ",-0.014538482104647255,0
2025-11-24,TSM,"TSMC Arizona Outage Saw Fab Halt , Apple Wafers Scrapped","TSMC Arizona Outage Saw Fab Halt , Apple Wafers Scrapped",0.00014050784070307465,1
2025-11-25,TSM,Options Corner : Taiwan Semiconductor Trade Secret Dispute With Intel Presents A Contrarian Opportunity - Taiwan Semiconductor ( NYSE : TSM ),Options Corner : Taiwan Semiconductor Trade Secret Dispute With Intel Presents A Contrarian Opportunity - Taiwan Semiconductor ( NYSE : TSM ) ,0.01854711655965602,1
2025-11-25,TSM,"Blood , Chemicals , and Silicon : How a Deadly Explosion at TSMC Arizona Exposes the Fragility of America Semiconductor Pivot","Blood , Chemicals , and Silicon : How a Deadly Explosion at TSMC Arizona Exposes the Fragility of America Semiconductor Pivot",0.01854711655965602,1
2025-11-26,TSM,"The U . S . Has Captured Nearly 90 % of Semiconductor Investments This Year , Surging Ahead as the Leading Destination for Chip Titans Like TSMC","The U . S . Has Captured Nearly 90 % of Semiconductor Investments This Year , Surging Ahead as the Leading Destination for Chip Titans Like TSMC",0.005345601460896132,1
2025-11-28,TSM,Chipmaker Intel Momentum Jumps As Investors Look Past TSMC Legal Drama Amid Rate Cut Bets,Chipmaker Intel Momentum Jumps As Investors Look Past TSMC Legal Drama Amid Rate Cut Bets,-0.013138533196199842,0
2025-12-01,TSM,"As political winds shift , top chipmaker TSMC looks beyond Taiwan","As political winds shift , top chipmaker TSMC looks beyond Taiwan",0.015329552728670537,1
2025-12-02,TSM,"KUOW - As political winds shift , top chipmaker TSMC looks beyond Taiwan","KUOW - As political winds shift , top chipmaker TSMC looks beyond Taiwan",0.011503403301850179,1
2025-12-03,TSM,"Applied Materials ( AMAT ) Positioned for DRAM and TSMC - Driven WFE Growth , Says Morgan Stanley","Applied Materials ( AMAT ) Positioned for DRAM and TSMC - Driven WFE Growth , Says Morgan Stanley",-0.00852946083893713,0
2025-12-05,TSM,Nvidia vs Taiwan Semiconductor Manufacturing : Which Artificial Intelligence ( AI ) Stock Is a Better Buy Right Now ?,Nvidia vs Taiwan Semiconductor Manufacturing : Which Artificial Intelligence ( AI ) Stock Is a Better Buy Right Now ? ,0.02426027245928508,1
2025-12-07,TSM,"TSMC : Foundry Monopoly , Inelastic Demand , Robust Pricing Power , And Cheap Valuations","TSMC : Foundry Monopoly , Inelastic Demand , Robust Pricing Power , And Cheap Valuations",0.005101548457361105,1
2025-12-07,TSM,Taiwan Semiconductor Manufacturing vs . ASML : Which Stock Will Outperform in 2026 ?,Taiwan Semiconductor Manufacturing vs . ASML : Which Stock Will Outperform in 2026 ? ,0.005101548457361105,1
2025-12-15,TSM,"Weekly news roundup : TSMC pauses Japan fab plans , Tesla Powerwall demand rises in Taiwan , Huawei flags AI oversupply risks","Weekly news roundup : TSMC pauses Japan fab plans , Tesla Powerwall demand rises in Taiwan , Huawei flags AI oversupply risks",-0.0030235460718507357,0
2025-12-16,TSM,Father of Immersion Lithography warns : Intel TSMC talent grab invites process tech scrutiny,  Father of Immersion Lithography  warns : Intel TSMC talent grab invites process tech scrutiny,-0.03454527775922012,0
2025-12-18,TSM,"TSMC brings its most advanced chipmaking node to the US yet , to begin equipment installation for 3mn months ahead of schedule Arizona fab slated for production in 2027","TSMC brings its most advanced chipmaking node to the US yet , to begin equipment installation for 3mn months ahead of schedule Arizona fab slated for production in 2027",0.014999366450430873,1
2025-12-19,TSM,Intel vs . Taiwan Semiconductor Manufacturing : Which Stock Will Outperform in 2026 ?,Intel vs . Taiwan Semiconductor Manufacturing : Which Stock Will Outperform in 2026 ? ,0.014985244469078562,1
2025-12-22,TSM,AI Chips Are Driving a Foundry Boom . Why TSMC Is Winning the Most,AI Chips Are Driving a Foundry Boom . Why TSMC Is Winning the Most,0.012513684680202752,1
2025-12-23,TSM,Intel Fab 52 is bigger and better equipped than TSMC Arizona facilities Intel production volumes dwarf TSMC operations in the U . S .,Intel Fab 52 is bigger and better equipped than TSMC Arizona facilities Intel production volumes dwarf TSMC operations in the U . S . ,0.006229922579183755,1
2025-12-25,TSM,FinancialContent - The High - Stakes Gamble : Can Intel Foundry Resurgence Finally Dent TSMC Dominance in 2026 ?,FinancialContent - The High - Stakes Gamble : Can Intel Foundry Resurgence Finally Dent TSMC Dominance in 2026 ? ,-0.006339925153129533,0
2025-12-26,TSM,Better Artificial Intelligence Stock : ASML vs . Taiwan Semiconductor,Better Artificial Intelligence Stock : ASML vs . Taiwan Semiconductor,-0.006339925153129533,0
2025-12-18,TXN,Texas Instruments opens first semiconductor factory at massive Sherman site,Texas Instruments opens first semiconductor factory at massive Sherman site,0.0005674731701126312,1
